FD_ID;YLD_ID;YLD_AMT;CF_DT_ENT
57.00000;985.00000;21.95900;12.08.2004
57.00000;1391.00000;1.31800;12.08.2004
66.00000;985.00000;33.47000;12.08.2004
67.00000;985.00000;25.34000;12.08.2004
78.00000;985.00000;;26.10.2004
80.00000;985.00000;;26.10.2004
115.00000;993.00000;24.30300;12.08.2004
126.00000;940.00000;68.90000;04.07.2001
127.00000;940.00000;31.07600;04.07.2001
134.00000;985.00000;24.00000;12.08.2004
555.00000;464.00000;10.46000;01.05.1997
556.00000;682.00000;102.29000;30.10.2006
556.00000;686.00000;339.50000;28.10.2003
556.00000;1395.00000;1026.67000;28.10.2003
557.00000;682.00000;67.02000;30.10.2006
557.00000;686.00000;233.69000;28.10.2003
557.00000;1395.00000;706.67000;28.10.2003
558.00000;682.00000;70.54000;31.10.2006
558.00000;686.00000;225.97000;28.10.2003
558.00000;1395.00000;683.33000;28.10.2003
559.00000;682.00000;74.07000;01.11.2006
559.00000;686.00000;248.01600;28.10.2003
559.00000;1395.00000;750.00000;28.10.2003
560.00000;686.00000;304.23300;28.10.2003
561.00000;682.00000;102.29000;30.10.2006
561.00000;686.00000;309.00000;02.10.2003
561.00000;1398.00000;932.00000;02.10.2003
562.00000;682.00000;67.02000;30.10.2006
562.00000;686.00000;207.00000;02.10.2003
563.00000;682.00000;70.54000;31.10.2006
563.00000;686.00000;196.00000;02.10.2003
563.00000;1398.00000;598.00000;02.10.2003
564.00000;682.00000;74.07000;01.11.2006
564.00000;686.00000;221.00000;02.10.2003
565.00000;686.00000;217.00000;02.10.2003
565.00000;1398.00000;658.00000;02.10.2003
566.00000;686.00000;171.00000;02.10.2003
566.00000;1398.00000;516.00000;02.10.2003
566.00000;1644.00000;67.01900;01.11.2006
567.00000;682.00000;77.60100;30.10.2006
567.00000;686.00000;161.00000;02.10.2003
567.00000;1398.00000;486.00000;02.10.2003
568.00000;682.00000;77.60100;30.10.2006
568.00000;686.00000;173.00000;02.10.2003
568.00000;1398.00000;524.00000;02.10.2003
569.00000;686.00000;126.00000;02.10.2003
570.00000;686.00000;36.00000;02.10.2003
571.00000;464.00000;0.75000;01.05.1997
571.00000;686.00000;25.00000;02.10.2003
572.00000;686.00000;14.00000;02.10.2003
573.00000;686.00000;15.43200;01.05.1997
574.00000;686.00000;12.12500;01.05.1997
575.00000;683.00000;59.96400;01.11.2006
576.00000;686.00000;1.98400;01.05.1997
577.00000;683.00000;45.85500;01.11.2006
578.00000;686.00000;11.02300;01.05.1997
579.00000;683.00000;63.49200;01.11.2006
580.00000;686.00000;127.86600;01.05.1997
581.00000;682.00000;74.07000;31.10.2006
581.00000;686.00000;124.55900;01.05.1997
582.00000;682.00000;74.07400;31.10.2006
582.00000;686.00000;85.97900;01.05.1997
583.00000;682.00000;67.01900;31.10.2006
583.00000;686.00000;87.08100;01.05.1997
584.00000;682.00000;67.02000;01.11.2006
584.00000;686.00000;99.20600;01.05.1997
585.00000;686.00000;176.36700;01.05.1997
586.00000;682.00000;74.07000;31.10.2006
586.00000;686.00000;184.08300;01.05.1997
587.00000;682.00000;67.02000;30.10.2006
587.00000;686.00000;121.25200;01.05.1997
588.00000;682.00000;70.54700;31.10.2006
588.00000;686.00000;111.33200;01.05.1997
589.00000;682.00000;77.60100;01.11.2006
589.00000;686.00000;121.25200;01.05.1997
590.00000;686.00000;97.00200;01.05.1997
591.00000;686.00000;70.54700;01.05.1997
591.00000;1644.00000;63.49200;01.11.2006
592.00000;682.00000;77.60100;30.10.2006
592.00000;686.00000;70.54700;01.05.1997
593.00000;682.00000;77.60100;30.10.2006
593.00000;686.00000;78.26300;01.05.1997
594.00000;686.00000;120.15000;01.05.1997
595.00000;686.00000;100.30900;01.05.1997
595.00000;1644.00000;67.01900;01.11.2006
596.00000;682.00000;77.60100;30.10.2006
596.00000;686.00000;89.28600;01.05.1997
597.00000;682.00000;77.60100;30.10.2006
597.00000;686.00000;94.79700;01.05.1997
598.00000;686.00000;79.36500;01.05.1997
598.00000;1642.00000;67.01900;31.10.2006
599.00000;686.00000;48.50100;01.05.1997
599.00000;1642.00000;42.32800;31.10.2006
600.00000;686.00000;38.58000;01.05.1997
600.00000;1643.00000;38.80000;01.11.2006
601.00000;682.00000;74.07000;31.10.2006
601.00000;686.00000;92.59300;01.05.1997
602.00000;682.00000;74.07400;31.10.2006
602.00000;686.00000;65.03500;01.05.1997
603.00000;686.00000;57.31900;01.05.1997
603.00000;1644.00000;63.49200;01.11.2006
604.00000;686.00000;47.39900;01.05.1997
604.00000;1642.00000;63.49200;01.11.2006
605.00000;686.00000;31.96600;01.05.1997
605.00000;1642.00000;52.91000;01.11.2006
606.00000;686.00000;27.55700;01.05.1997
606.00000;1642.00000;49.38300;01.11.2006
607.00000;686.00000;111.33200;01.05.1997
608.00000;686.00000;104.71800;01.05.1997
608.00000;1642.00000;67.01900;01.11.2006
609.00000;686.00000;73.85400;01.05.1997
609.00000;1642.00000;49.38300;01.11.2006
610.00000;686.00000;76.05800;01.05.1997
610.00000;1642.00000;49.38300;01.11.2006
611.00000;686.00000;82.67200;01.05.1997
611.00000;1642.00000;52.91000;01.11.2006
612.00000;686.00000;85.97900;01.05.1997
613.00000;686.00000;61.72800;01.05.1997
613.00000;1642.00000;67.01900;01.11.2006
614.00000;686.00000;62.83100;01.05.1997
614.00000;1643.00000;70.54700;01.11.2006
615.00000;686.00000;66.13800;01.05.1997
615.00000;1643.00000;45.85500;02.11.2006
616.00000;686.00000;16.53400;01.05.1997
617.00000;686.00000;17.63700;01.05.1997
617.00000;1642.00000;67.01900;31.10.2006
618.00000;686.00000;12.12500;01.05.1997
618.00000;1642.00000;45.85500;31.10.2006
619.00000;686.00000;12.12500;01.05.1997
619.00000;1642.00000;45.85500;01.11.2006
620.00000;686.00000;6.61400;01.05.1997
621.00000;686.00000;7.71600;01.05.1997
621.00000;1643.00000;38.80000;01.11.2006
622.00000;686.00000;5.51100;01.05.1997
622.00000;1643.00000;38.80000;01.11.2006
623.00000;682.00000;74.07000;31.10.2006
623.00000;686.00000;57.31900;01.05.1997
624.00000;682.00000;67.02000;30.10.2006
624.00000;686.00000;41.88700;01.05.1997
625.00000;686.00000;34.17100;01.05.1997
625.00000;1644.00000;67.01900;01.11.2006
626.00000;686.00000;31.96600;01.05.1997
627.00000;686.00000;31.96600;01.05.1997
627.00000;1642.00000;52.91000;30.10.2006
628.00000;686.00000;20.94400;01.05.1997
628.00000;1642.00000;35.27300;30.10.2006
629.00000;686.00000;23.14800;01.05.1997
629.00000;1642.00000;35.27300;30.10.2006
630.00000;686.00000;26.45500;01.05.1997
630.00000;1642.00000;42.32800;01.11.2006
631.00000;686.00000;18.73900;01.05.1997
632.00000;686.00000;13.22800;01.05.1997
632.00000;1643.00000;28.21900;30.10.2006
633.00000;686.00000;14.33000;01.05.1997
633.00000;1642.00000;28.21900;30.10.2006
634.00000;686.00000;15.43200;01.05.1997
634.00000;1642.00000;28.21900;30.10.2006
635.00000;465.00000;15.09000;01.05.1997
635.00000;682.00000;74.54700;31.10.2006
636.00000;664.00000;1072.00000;01.05.1997
636.00000;682.00000;70.54700;31.10.2006
636.00000;686.00000;259.03900;01.05.1997
637.00000;686.00000;322.97200;01.05.1997
638.00000;682.00000;70.54700;31.10.2006
638.00000;686.00000;231.48100;01.05.1997
639.00000;686.00000;230.37900;01.05.1997
640.00000;682.00000;77.60100;30.10.2006
640.00000;686.00000;188.49200;01.05.1997
641.00000;465.00000;1.13000;01.05.1997
641.00000;686.00000;27.55700;01.05.1997
642.00000;686.00000;16.53400;01.05.1997
643.00000;686.00000;105.82000;01.05.1997
644.00000;682.00000;77.60100;30.10.2006
644.00000;686.00000;85.97900;01.05.1997
645.00000;463.00000;9.05000;01.05.1997
646.00000;666.00000;593.00000;01.05.1997
646.00000;682.00000;74.07000;01.11.2006
646.00000;686.00000;222.66300;01.05.1997
647.00000;686.00000;298.72100;01.05.1997
648.00000;682.00000;74.07000;01.11.2006
648.00000;686.00000;196.20800;01.05.1997
649.00000;686.00000;213.84500;01.05.1997
650.00000;463.00000;0.81000;01.05.1997
650.00000;686.00000;30.86400;01.05.1997
651.00000;666.00000;50.00000;01.05.1997
652.00000;686.00000;98.10400;01.05.1997
653.00000;682.00000;77.60100;30.10.2006
653.00000;686.00000;70.54700;01.05.1997
654.00000;686.00000;115.74100;01.05.1997
655.00000;682.00000;77.60100;30.10.2006
655.00000;686.00000;80.46700;01.05.1997
657.00000;682.00000;70.54700;31.10.2006
657.00000;686.00000;240.30000;01.05.1997
658.00000;686.00000;327.38100;01.05.1997
659.00000;682.00000;70.54700;31.10.2006
659.00000;686.00000;216.04900;01.05.1997
660.00000;466.00000;1.15000;01.05.1997
660.00000;686.00000;19.84100;01.05.1997
661.00000;665.00000;47.94300;02.02.2004
662.00000;686.00000;316.35800;01.05.1997
663.00000;686.00000;190.69700;01.05.1997
663.00000;1642.00000;42.32800;30.10.2006
664.00000;686.00000;151.01400;01.05.1997
665.00000;686.00000;110.22900;01.05.1997
665.00000;1643.00000;35.27300;30.10.2006
666.00000;686.00000;11.02300;01.05.1997
667.00000;686.00000;263.44800;01.05.1997
668.00000;686.00000;80.46700;01.05.1997
669.00000;686.00000;352.73400;01.05.1997
670.00000;686.00000;207.23100;01.05.1997
671.00000;686.00000;203.92400;01.05.1997
672.00000;686.00000;157.62800;01.05.1997
673.00000;686.00000;12.12500;01.05.1997
674.00000;686.00000;395.72300;01.05.1997
675.00000;686.00000;303.13100;01.05.1997
676.00000;686.00000;408.95100;01.05.1997
677.00000;686.00000;359.34700;01.05.1997
678.00000;686.00000;186.28700;01.05.1997
679.00000;686.00000;109.12700;01.05.1997
680.00000;686.00000;446.42900;01.05.1997
681.00000;686.00000;376.98400;01.05.1997
682.00000;686.00000;229.27700;01.05.1997
683.00000;686.00000;327.38100;01.05.1997
684.00000;686.00000;276.67500;01.05.1997
685.00000;686.00000;166.44600;01.05.1997
688.00000;686.00000;313.85000;18.03.2010
689.00000;686.00000;228.68000;22.03.2010
689.00000;502455.00000;50.66000;22.03.2010
690.00000;686.00000;282.69000;18.03.2010
691.00000;686.00000;208.48000;23.03.2010
691.00000;1644.00000;73.07000;23.03.2010
691.00000;502455.00000;44.75000;23.03.2010
692.00000;686.00000;30.13000;23.03.2010
693.00000;686.00000;19.45000;23.03.2010
694.00000;470.00000;2.44000;01.05.1997
694.00000;686.00000;17.63700;01.05.1997
695.00000;686.00000;11.02200;23.07.1998
696.00000;686.00000;7.71600;01.05.1997
697.00000;683.00000;59.96500;01.11.2006
699.00000;683.00000;45.85500;01.11.2006
700.00000;686.00000;7.71600;01.05.1997
701.00000;683.00000;74.07400;01.11.2006
702.00000;686.00000;13.22800;01.05.1997
703.00000;686.00000;11.02300;01.05.1997
703.00000;1642.00000;49.38300;01.11.2006
704.00000;686.00000;192.16000;18.03.2010
705.00000;686.00000;141.57000;23.03.2010
705.00000;502455.00000;53.81000;23.03.2010
706.00000;686.00000;188.75000;19.03.2010
707.00000;686.00000;87.10000;23.03.2010
707.00000;502455.00000;45.25000;23.03.2010
708.00000;686.00000;173.84000;18.03.2010
709.00000;686.00000;129.08000;23.03.2010
709.00000;1644.00000;73.63000;23.03.2010
709.00000;502455.00000;47.76000;23.03.2010
710.00000;686.00000;106.27000;19.03.2010
711.00000;686.00000;79.40000;23.03.2010
711.00000;1644.00000;71.61000;23.03.2010
711.00000;502455.00000;39.63000;23.03.2010
712.00000;686.00000;17.82000;19.03.2010
713.00000;686.00000;14.39000;23.03.2010
713.00000;502455.00000;28.80000;23.03.2010
714.00000;686.00000;157.20000;19.03.2010
715.00000;686.00000;117.01000;23.03.2010
715.00000;502455.00000;57.29000;23.03.2010
716.00000;686.00000;106.67000;19.03.2010
717.00000;686.00000;72.72000;23.03.2010
717.00000;502455.00000;48.66000;23.03.2010
718.00000;686.00000;34.97000;19.03.2010
719.00000;686.00000;24.57000;23.03.2010
719.00000;502455.00000;37.23000;23.03.2010
722.00000;686.00000;325.06000;05.03.2010
723.00000;686.00000;233.35000;05.03.2010
723.00000;502455.00000;49.81000;05.03.2010
724.00000;686.00000;289.67000;05.03.2010
725.00000;686.00000;211.80000;05.03.2010
725.00000;1644.00000;73.65000;05.03.2010
725.00000;502455.00000;45.86000;05.03.2010
728.00000;686.00000;194.47000;05.03.2010
729.00000;686.00000;144.07000;05.03.2010
729.00000;502455.00000;53.50000;05.03.2010
730.00000;686.00000;130.59000;05.03.2010
731.00000;686.00000;89.28000;05.03.2010
731.00000;502455.00000;43.45000;05.03.2010
732.00000;686.00000;173.42000;05.03.2010
733.00000;686.00000;131.00000;05.03.2010
733.00000;1644.00000;75.56000;05.03.2010
733.00000;502455.00000;53.50000;05.03.2010
734.00000;686.00000;116.25000;05.03.2010
735.00000;686.00000;80.79000;05.03.2010
735.00000;1644.00000;71.25000;05.03.2010
735.00000;502455.00000;40.08000;05.03.2010
740.00000;686.00000;156.25000;05.03.2010
741.00000;686.00000;117.87000;16.03.2010
741.00000;502455.00000;57.58000;16.03.2010
742.00000;686.00000;145.00000;16.02.2010
743.00000;686.00000;110.25000;16.03.2010
743.00000;1644.00000;76.14000;16.03.2010
743.00000;502455.00000;53.85000;16.03.2010
744.00000;686.00000;111.33000;05.03.2010
745.00000;686.00000;74.46000;16.03.2010
745.00000;1642.00000;49.81000;16.03.2010
746.00000;686.00000;101.09000;05.03.2010
747.00000;686.00000;67.90000;16.03.2010
747.00000;1644.00000;67.84000;16.03.2010
747.00000;502455.00000;43.01000;16.03.2010
748.00000;686.00000;38.22000;05.03.2010
749.00000;686.00000;26.21000;16.03.2010
749.00000;1642.00000;34.92000;16.03.2010
750.00000;686.00000;28.63000;05.03.2010
751.00000;686.00000;20.76000;16.03.2010
751.00000;1644.00000;72.51000;16.03.2010
751.00000;502455.00000;27.66000;16.03.2010
754.00000;686.00000;327.70000;04.03.2010
755.00000;686.00000;225.17000;15.03.2010
755.00000;502455.00000;48.75000;15.03.2010
756.00000;686.00000;293.55000;03.02.2010
757.00000;686.00000;207.48000;15.03.2010
757.00000;1643.00000;71.44000;15.03.2010
757.00000;502455.00000;44.46000;15.03.2010
760.00000;686.00000;202.01000;04.03.2010
761.00000;686.00000;138.39000;17.03.2010
761.00000;502455.00000;50.86000;17.03.2010
762.00000;686.00000;116.81000;04.03.2010
763.00000;686.00000;86.78000;15.03.2010
763.00000;502455.00000;46.11000;17.03.2010
764.00000;686.00000;183.15000;03.02.2010
765.00000;686.00000;127.96000;17.03.2010
765.00000;1643.00000;69.86000;17.03.2010
765.00000;502455.00000;46.63000;17.03.2010
766.00000;686.00000;102.61000;03.02.2010
767.00000;686.00000;79.52000;17.03.2010
767.00000;1643.00000;72.09000;17.03.2010
767.00000;502455.00000;39.85000;17.03.2010
770.00000;686.00000;166.90000;04.03.2010
771.00000;686.00000;115.25000;17.03.2010
771.00000;502455.00000;53.82000;17.03.2010
772.00000;686.00000;107.93000;04.03.2010
773.00000;686.00000;73.58000;17.03.2010
773.00000;1642.00000;50.09000;17.03.2010
774.00000;686.00000;35.11000;04.03.2010
775.00000;686.00000;23.14000;17.03.2010
775.00000;1642.00000;36.42000;17.03.2010
778.00000;686.00000;298.30000;16.03.2010
779.00000;686.00000;234.44000;16.03.2010
779.00000;1642.00000;54.96000;16.03.2010
780.00000;686.00000;273.41000;16.03.2010
781.00000;682.00000;74.07400;01.11.2006
781.00000;686.00000;212.48000;16.03.2010
781.00000;1642.00000;45.28000;16.03.2010
781.00000;1644.00000;76.33000;16.03.2010
784.00000;686.00000;1.85830;16.03.2010
785.00000;683.00000;58.69000;16.03.2010
785.00000;686.00000;146.55000;16.03.2010
786.00000;686.00000;112.46000;16.03.2010
787.00000;683.00000;47.56000;16.03.2010
787.00000;686.00000;87.89000;16.03.2010
788.00000;686.00000;170.23000;16.03.2010
789.00000;686.00000;132.19000;16.03.2010
789.00000;922.00000;48.44000;16.03.2010
789.00000;1644.00000;77.69000;16.03.2010
790.00000;686.00000;103.19000;16.03.2010
791.00000;686.00000;80.29000;16.03.2010
791.00000;922.00000;40.17000;16.03.2010
791.00000;1644.00000;73.68000;16.03.2010
794.00000;686.00000;153.20000;16.03.2010
795.00000;681.00000;62.22000;15.03.2010
795.00000;686.00000;121.45000;15.03.2010
796.00000;686.00000;1.03980;16.03.2010
797.00000;683.00000;50.26000;16.03.2010
797.00000;686.00000;72.31000;16.03.2010
798.00000;686.00000;32.63000;16.03.2010
799.00000;683.00000;41.48000;16.03.2010
799.00000;686.00000;25.09000;18.05.2001
816.00000;683.00000;73.21430;19.02.2008
817.00000;686.00000;269.84126;15.12.2003
818.00000;686.00000;208.79000;04.08.1998
818.00000;1642.00000;52.91000;01.11.2006
819.00000;686.00000;219.78000;04.08.1998
820.00000;686.00000;98.90000;04.08.1998
820.00000;1644.00000;49.38300;01.11.2006
821.00000;686.00000;151.01400;01.05.1997
821.00000;1644.00000;74.07400;01.11.2006
822.00000;686.00000;51.80776;15.12.2003
823.00000;686.00000;37.47795;15.12.2003
824.00000;686.00000;48.50088;15.12.2003
825.00000;686.00000;142.89000;01.05.1997
826.00000;686.00000;118.30000;01.05.1997
826.00000;1642.00000;49.38300;02.11.2006
827.00000;686.00000;117.20000;01.05.1997
827.00000;1642.00000;52.91000;02.11.2006
828.00000;686.00000;103.62500;01.05.1997
829.00000;686.00000;92.25000;01.05.1997
829.00000;1643.00000;45.85500;01.11.2006
830.00000;686.00000;89.88000;01.05.1997
830.00000;1644.00000;49.38300;01.11.2006
831.00000;686.00000;32.36000;01.05.1997
832.00000;686.00000;33.88700;01.05.1997
833.00000;686.00000;28.55000;01.05.1997
833.00000;1642.00000;31.74600;01.11.2006
834.00000;686.00000;24.91000;01.05.1997
834.00000;1642.00000;35.27300;01.11.2006
835.00000;686.00000;18.61100;01.05.1997
836.00000;686.00000;20.39000;01.05.1997
836.00000;1643.00000;24.69100;01.11.2006
837.00000;686.00000;17.08000;01.05.1997
837.00000;1643.00000;28.21900;01.11.2006
838.00000;686.00000;121.34700;01.05.1997
839.00000;682.00000;67.01900;31.10.2006
839.00000;686.00000;88.25000;01.05.1997
840.00000;682.00000;67.02000;01.11.2006
840.00000;686.00000;88.59000;01.05.1997
841.00000;686.00000;102.31200;01.05.1997
842.00000;686.00000;75.36000;01.05.1997
842.00000;1644.00000;67.01900;01.11.2006
843.00000;686.00000;74.63000;01.05.1997
843.00000;1644.00000;74.07400;01.11.2006
844.00000;686.00000;49.60100;01.05.1997
845.00000;686.00000;39.36000;01.05.1997
845.00000;1642.00000;45.85500;01.11.2006
846.00000;686.00000;40.02000;01.05.1997
846.00000;1642.00000;52.91000;01.11.2006
847.00000;686.00000;41.04700;01.05.1997
848.00000;686.00000;33.47000;01.05.1997
848.00000;1643.00000;45.85500;01.11.2006
849.00000;686.00000;32.61000;01.05.1997
849.00000;1643.00000;49.38300;01.11.2006
850.00000;686.00000;59.39900;01.05.1997
851.00000;682.00000;70.54700;31.10.2006
851.00000;686.00000;50.42000;01.05.1997
852.00000;682.00000;77.60100;01.11.2006
852.00000;686.00000;52.26000;01.05.1997
853.00000;686.00000;43.96800;01.05.1997
854.00000;686.00000;38.39000;01.05.1997
854.00000;1644.00000;67.01900;01.11.2006
855.00000;686.00000;40.18000;01.05.1997
855.00000;1644.00000;74.07400;01.11.2006
888.00000;686.00000;111.68400;01.05.1997
889.00000;682.00000;67.01900;31.10.2006
889.00000;686.00000;76.42000;01.05.1997
890.00000;682.00000;67.02000;01.11.2006
890.00000;686.00000;53.83000;01.05.1997
891.00000;686.00000;95.66700;01.05.1997
892.00000;682.00000;67.01900;01.11.2006
892.00000;686.00000;64.88000;01.05.1997
893.00000;686.00000;41.82000;01.05.1997
893.00000;1644.00000;74.07400;01.11.2006
894.00000;686.00000;134.98600;01.05.1997
895.00000;686.00000;99.27000;01.05.1997
895.00000;1642.00000;49.38300;02.11.2006
896.00000;686.00000;113.12000;01.05.1997
896.00000;1642.00000;52.91000;02.11.2006
897.00000;686.00000;103.10700;01.05.1997
898.00000;686.00000;70.24000;01.05.1997
898.00000;1643.00000;45.85500;02.11.2006
899.00000;686.00000;84.72000;01.05.1997
899.00000;1643.00000;49.38300;02.11.2006
900.00000;686.00000;47.29200;01.05.1997
901.00000;686.00000;36.99000;01.05.1997
901.00000;1642.00000;45.85500;02.11.2006
902.00000;686.00000;37.85000;01.05.1997
902.00000;1642.00000;45.85500;02.11.2006
903.00000;686.00000;40.21800;01.05.1997
904.00000;686.00000;32.41000;01.05.1997
904.00000;1643.00000;45.85500;01.11.2006
905.00000;686.00000;30.45000;01.05.1997
905.00000;1643.00000;49.38300;01.11.2006
906.00000;686.00000;56.14500;01.05.1997
907.00000;682.00000;70.54700;31.10.2006
907.00000;686.00000;49.27000;01.05.1997
908.00000;682.00000;77.60100;01.11.2006
908.00000;686.00000;50.06000;01.05.1997
909.00000;686.00000;43.53900;01.05.1997
910.00000;686.00000;36.46000;01.05.1997
910.00000;1644.00000;67.01900;01.11.2006
911.00000;686.00000;36.93000;01.05.1997
911.00000;1644.00000;74.07400;01.11.2006
912.00000;686.00000;31.44600;01.05.1997
913.00000;686.00000;24.82000;01.05.1997
913.00000;1642.00000;31.74600;01.11.2006
914.00000;686.00000;25.21000;01.05.1997
914.00000;1642.00000;35.27300;01.11.2006
915.00000;686.00000;19.34900;01.05.1997
916.00000;686.00000;18.22000;01.05.1997
916.00000;1643.00000;24.69100;01.11.2006
917.00000;686.00000;17.34000;01.05.1997
917.00000;1643.00000;28.21900;01.11.2006
923.00000;985.00000;132.61000;12.08.2004
924.00000;985.00000;142.12000;11.08.2004
925.00000;985.00000;138.95000;11.08.2004
928.00000;985.00000;132.61000;11.08.2004
929.00000;985.00000;132.61000;12.08.2004
930.00000;985.00000;135.78000;12.08.2004
931.00000;985.00000;132.61000;12.08.2004
933.00000;985.00000;132.61000;11.08.2004
934.00000;985.00000;132.61000;12.08.2004
936.00000;985.00000;129.97000;11.08.2004
938.00000;985.00000;129.97000;12.08.2004
940.00000;985.00000;129.97000;12.08.2004
942.00000;985.00000;132.61000;12.08.2004
943.00000;985.00000;132.61000;12.08.2004
944.00000;985.00000;129.97000;12.08.2004
947.00000;985.00000;129.97000;12.08.2004
948.00000;985.00000;132.61000;12.08.2004
949.00000;985.00000;132.61000;12.08.2004
950.00000;985.00000;129.97000;12.08.2004
951.00000;985.00000;132.61000;12.08.2004
952.00000;985.00000;129.97000;12.08.2004
953.00000;985.00000;132.61000;12.08.2004
954.00000;985.00000;129.97000;12.08.2004
955.00000;985.00000;132.61000;11.08.2004
956.00000;985.00000;132.61000;12.08.2004
957.00000;985.00000;135.78000;12.08.2004
959.00000;985.00000;132.61000;11.08.2004
960.00000;985.00000;129.97000;11.08.2004
962.00000;985.00000;129.97000;12.08.2004
964.00000;985.00000;129.97000;12.08.2004
965.00000;455.00000;6.00200;12.08.2004
965.00000;985.00000;15.00400;12.08.2004
966.00000;455.00000;11.83400;11.08.2004
966.00000;985.00000;29.58600;11.08.2004
967.00000;985.00000;8.45000;12.08.2004
968.00000;455.00000;2.02900;11.08.2004
968.00000;985.00000;5.07200;11.08.2004
969.00000;455.00000;6.01700;12.08.2004
969.00000;985.00000;15.00400;12.08.2004
970.00000;455.00000;8.03000;12.08.2004
970.00000;985.00000;20.07600;12.08.2004
971.00000;455.00000;7.18500;12.08.2004
971.00000;985.00000;17.96300;12.08.2004
972.00000;455.00000;3.38100;12.08.2004
972.00000;985.00000;8.45300;12.08.2004
973.00000;455.00000;2.70500;12.08.2004
973.00000;985.00000;6.76200;12.08.2004
974.00000;455.00000;10.14400;12.08.2004
974.00000;985.00000;25.35900;12.08.2004
975.00000;455.00000;6.76200;12.08.2004
975.00000;985.00000;16.90600;12.08.2004
976.00000;455.00000;5.91700;12.08.2004
976.00000;985.00000;14.79300;12.08.2004
977.00000;455.00000;8.03000;12.08.2004
977.00000;985.00000;20.07600;12.08.2004
978.00000;455.00000;9.72100;12.08.2004
978.00000;985.00000;24.30300;12.08.2004
979.00000;455.00000;5.49500;12.08.2004
979.00000;985.00000;13.73600;12.08.2004
980.00000;455.00000;7.18500;12.08.2004
980.00000;985.00000;17.96300;12.08.2004
981.00000;455.00000;7.18500;11.08.2004
981.00000;985.00000;17.96300;11.08.2004
982.00000;985.00000;17.33000;12.08.2004
983.00000;455.00000;7.18500;12.08.2004
983.00000;985.00000;17.96300;12.08.2004
984.00000;985.00000;36.35000;11.08.2004
985.00000;455.00000;9.72100;12.08.2004
985.00000;985.00000;24.30300;12.08.2004
986.00000;455.00000;8.03000;11.08.2004
986.00000;985.00000;20.07600;11.08.2004
987.00000;455.00000;7.18200;12.08.2004
987.00000;985.00000;17.96300;12.08.2004
988.00000;455.00000;10.14400;12.08.2004
988.00000;985.00000;25.35900;12.08.2004
990.00000;1390.00000;8.93000;12.08.2004
994.00000;455.00000;23.66900;12.08.2004
994.00000;921.00000;29.38000;12.08.2004
994.00000;985.00000;59.17200;12.08.2004
1000.00000;455.00000;4.01500;12.08.2004
1000.00000;1390.00000;2.10000;12.08.2004
1002.00000;455.00000;9.25600;12.08.2004
1002.00000;1390.00000;5.55000;12.08.2004
1004.00000;455.00000;9.76300;12.08.2004
1004.00000;1390.00000;5.86000;12.08.2004
1006.00000;455.00000;8.87620;10.03.2008
1006.00000;1390.00000;5.40000;12.08.2004
1007.00000;455.00000;10.14400;12.08.2004
1007.00000;1390.00000;6.09000;12.08.2004
1008.00000;455.00000;9.00300;12.08.2004
1008.00000;1390.00000;5.40000;12.08.2004
1010.00000;455.00000;10.48200;12.08.2004
1010.00000;1390.00000;6.29000;12.08.2004
1011.00000;455.00000;10.48200;12.08.2004
1011.00000;1390.00000;6.29000;12.08.2004
1012.00000;985.00000;15.64000;12.08.2004
1014.00000;985.00000;132.61000;12.08.2004
1016.00000;985.00000;132.61000;12.08.2004
1020.00000;985.00000;135.78000;12.08.2004
1116.00000;985.00000;138.95000;12.08.2004
1118.00000;985.00000;142.12000;12.08.2004
1119.00000;985.00000;132.61000;12.08.2004
1120.00000;455.00000;3.99800;12.08.2004
1120.00000;985.00000;9.99600;12.08.2004
1121.00000;985.00000;132.61000;12.08.2004
1163.00000;674.00000;26.33400;01.05.1997
1163.00000;797.00000;13.00000;23.10.2000
1199.00000;673.00000;12.53700;15.10.2004
1199.00000;674.00000;26.33400;15.10.2004
1199.00000;797.00000;13.00000;15.10.2004
1219.00000;673.00000;12.53700;15.08.2001
1219.00000;674.00000;26.33400;01.05.1997
1224.00000;1582.00000;44.00000;12.08.2004
1228.00000;1582.00000;40.00000;11.08.2004
1281.00000;680.00000;70.16000;10.06.2004
1395.00000;1582.00000;30.00000;12.08.2004
1397.00000;1582.00000;44.00000;12.08.2004
1399.00000;1582.00000;44.00000;12.08.2004
1401.00000;1582.00000;47.00000;12.08.2004
1403.00000;1582.00000;45.00000;12.08.2004
1405.00000;1582.00000;30.00000;12.08.2004
1413.00000;1582.00000;28.00000;22.05.2009
1415.00000;1582.00000;33.00000;22.05.2009
1419.00000;1582.00000;42.00000;22.05.2009
1421.00000;1582.00000;43.00000;22.05.2009
1423.00000;1582.00000;43.00000;22.05.2009
1431.00000;1582.00000;23.00000;12.08.2004
1435.00000;1582.00000;33.00000;22.05.2009
1437.00000;1582.00000;30.00000;22.05.2009
1439.00000;1582.00000;30.00000;22.05.2009
1441.00000;1582.00000;30.00000;12.08.2004
1443.00000;1582.00000;25.00000;12.08.2004
1445.00000;1582.00000;25.00000;12.08.2004
1447.00000;1582.00000;30.00000;12.08.2004
1449.00000;1582.00000;37.00000;28.09.2007
1451.00000;1582.00000;30.00000;12.08.2004
1455.00000;1582.00000;30.00000;12.08.2004
1458.00000;1582.00000;30.00000;12.08.2004
1462.00000;1582.00000;27.00000;12.08.2004
1464.00000;1582.00000;30.00000;22.05.2009
1466.00000;1582.00000;35.00000;28.09.2007
1468.00000;1582.00000;30.00000;22.05.2009
1470.00000;1582.00000;35.00000;28.09.2007
1480.00000;1582.00000;30.00000;12.08.2004
1496.00000;921.00000;37.16500;12.08.2004
1496.00000;985.00000;74.33000;12.08.2004
1571.00000;921.00000;36.46000;12.08.2004
1571.00000;985.00000;72.92000;12.08.2004
1572.00000;460.00000;1.96000;01.05.1997
1589.00000;1044.00000;47.00000;29.04.2003
1589.00000;1045.00000;5.90000;29.04.2003
1594.00000;1044.00000;38.00000;29.04.2003
1594.00000;1045.00000;5.00000;29.04.2003
1619.00000;461.00000;0.86000;01.05.1997
1626.00000;921.00000;37.69000;12.08.2004
1626.00000;985.00000;75.38000;12.08.2004
1658.00000;921.00000;38.04500;12.08.2004
1658.00000;985.00000;76.09000;12.08.2004
1719.00000;921.00000;38.04500;12.08.2004
1719.00000;985.00000;76.09000;12.08.2004
1724.00000;921.00000;37.51100;12.08.2004
1724.00000;985.00000;75.02200;12.08.2004
1753.00000;921.00000;37.16500;12.08.2004
1753.00000;985.00000;74.33000;12.08.2004
1762.00000;683.00000;67.01940;16.12.2003
1764.00000;683.00000;45.94600;01.05.1997
1766.00000;683.00000;55.55500;01.05.1997
1768.00000;683.00000;49.70800;01.05.1997
1770.00000;683.00000;53.12500;01.05.1997
1772.00000;683.00000;43.59000;01.05.1997
1774.00000;683.00000;58.27800;01.05.1997
1775.00000;683.00000;56.29100;01.05.1997
1776.00000;683.00000;58.94000;01.05.1997
1778.00000;683.00000;52.98000;01.05.1997
1779.00000;683.00000;52.17900;01.05.1997
1780.00000;683.00000;53.64200;01.05.1997
1782.00000;683.00000;54.96700;01.05.1997
1783.00000;683.00000;54.30500;01.05.1997
1784.00000;683.00000;55.55600;01.05.1997
1786.00000;683.00000;49.00700;01.05.1997
1787.00000;683.00000;49.00700;01.05.1997
1788.00000;683.00000;50.92600;01.05.1997
1790.00000;683.00000;49.66900;01.05.1997
1791.00000;683.00000;49.00700;01.05.1997
1792.00000;683.00000;49.38300;01.05.1997
1794.00000;683.00000;44.37100;01.05.1997
1795.00000;683.00000;44.37100;01.05.1997
1796.00000;683.00000;45.41400;01.05.1997
1798.00000;683.00000;52.98000;01.05.1997
1799.00000;683.00000;49.66900;01.05.1997
1800.00000;683.00000;50.92600;01.05.1997
1802.00000;683.00000;47.68200;01.05.1997
1803.00000;683.00000;44.37100;01.05.1997
1804.00000;683.00000;45.85500;01.05.1997
1808.00000;683.00000;67.24000;01.05.1997
1812.00000;683.00000;61.94900;01.05.1997
1814.00000;683.00000;56.29100;01.05.1997
1816.00000;683.00000;47.22200;01.05.1997
1818.00000;683.00000;55.55600;01.05.1997
1819.00000;683.00000;54.14000;01.05.1997
1821.00000;683.00000;43.65100;01.05.1997
1822.00000;683.00000;42.10800;01.05.1997
1823.00000;683.00000;76.00000;01.05.1997
1824.00000;683.00000;46.66700;01.05.1997
1825.00000;683.00000;56.33300;01.05.1997
1826.00000;683.00000;57.70900;16.05.2003
1827.00000;683.00000;66.00000;01.05.1997
1828.00000;683.00000;40.66700;01.05.1997
1829.00000;683.00000;49.00000;01.05.1997
1830.00000;683.00000;52.46900;01.05.1997
1831.00000;683.00000;50.92600;01.05.1997
1833.00000;683.00000;84.21500;01.05.1997
1835.00000;683.00000;37.69800;01.05.1997
1837.00000;683.00000;93.03400;01.05.1997
1842.00000;683.00000;56.66700;01.05.1997
1845.00000;683.00000;78.04200;01.05.1997
1847.00000;683.00000;66.13800;01.05.1997
1850.00000;683.00000;54.01200;01.05.1997
1852.00000;683.00000;65.91700;01.05.1997
1855.00000;683.00000;50.92800;01.05.1997
1856.00000;683.00000;27.94100;01.05.1997
1861.00000;681.00000;85.00000;01.05.1997
1863.00000;681.00000;88.54200;01.05.1997
1865.00000;681.00000;83.33300;01.05.1997
1869.00000;675.00000;59.50000;01.05.1997
1869.00000;683.00000;91.04900;01.05.1997
1872.00000;681.00000;61.59400;01.05.1997
1876.00000;681.00000;62.50000;01.05.1997
1877.00000;681.00000;55.55600;01.05.1997
1878.00000;681.00000;41.06300;01.05.1997
1881.00000;683.00000;60.62600;01.05.1997
1882.00000;683.00000;45.59500;01.05.1997
1883.00000;683.00000;42.38400;01.05.1997
1884.00000;683.00000;51.65600;01.05.1997
1885.00000;683.00000;48.34400;01.05.1997
1888.00000;681.00000;85.85900;01.05.1997
1889.00000;681.00000;86.73500;01.05.1997
1892.00000;683.00000;54.45300;01.05.1997
1894.00000;683.00000;40.22000;29.08.2006
1896.00000;683.00000;71.68100;01.05.1997
1897.00000;683.00000;70.79600;01.05.1997
1898.00000;683.00000;66.37200;01.05.1997
1899.00000;683.00000;69.88500;01.05.1997
1901.00000;683.00000;63.71700;01.05.1997
1902.00000;683.00000;62.83200;01.05.1997
1903.00000;683.00000;58.40700;01.05.1997
1904.00000;683.00000;62.39000;01.05.1997
1906.00000;683.00000;51.80800;01.05.1997
1907.00000;683.00000;53.13100;01.05.1997
1909.00000;683.00000;43.65100;01.05.1997
1910.00000;683.00000;42.54900;01.05.1997
1912.00000;683.00000;72.56600;01.05.1997
1913.00000;683.00000;65.48700;01.05.1997
1914.00000;683.00000;69.44400;01.05.1997
1916.00000;683.00000;70.79600;01.05.1997
1917.00000;683.00000;62.83200;01.05.1997
1918.00000;683.00000;67.90100;01.05.1997
1924.00000;683.00000;57.54000;01.05.1997
1926.00000;683.00000;52.02800;01.05.1997
1932.00000;683.00000;77.41000;21.07.2006
1934.00000;683.00000;47.39000;29.08.2006
1938.00000;683.00000;88.54200;01.05.1997
1941.00000;681.00000;92.89200;01.05.1997
1944.00000;683.00000;78.65000;21.07.2006
1961.00000;683.00000;67.25700;01.05.1997
1962.00000;683.00000;64.60200;01.05.1997
1964.00000;683.00000;72.01000;28.06.2006
1966.00000;683.00000;69.14000;28.06.2006
1968.00000;683.00000;78.24000;29.06.2006
1970.00000;683.00000;68.61000;30.06.2006
1971.00000;683.00000;69.33000;01.05.1997
1972.00000;683.00000;86.97000;28.08.2006
1974.00000;683.00000;69.20000;28.08.2006
1976.00000;681.00000;81.12900;01.05.1997
2068.00000;458.00000;0.77000;03.06.2003
2071.00000;458.00000;0.63000;03.06.2003
2173.00000;921.00000;12.00000;12.08.2004
2173.00000;1584.00000;;23.07.2004
2175.00000;921.00000;19.32000;12.08.2004
2175.00000;1584.00000;;23.07.2004
2177.00000;921.00000;28.00000;12.08.2004
2177.00000;1584.00000;;23.07.2004
2393.00000;458.00000;1.25000;08.07.2003
2426.00000;921.00000;23.77000;13.08.2004
2426.00000;1584.00000;23.77000;13.08.2004
2428.00000;921.00000;28.00000;13.08.2004
2428.00000;1584.00000;28.00000;13.08.2004
2429.00000;645.00000;822.00000;01.05.1997
2429.00000;921.00000;;21.05.2007
2566.00000;457.00000;2.06000;01.05.1997
2590.00000;1327.00000;29.58600;07.08.2003
2651.00000;683.00000;77.58600;01.05.1997
2652.00000;683.00000;86.53800;01.05.1997
2654.00000;683.00000;56.60400;01.05.1997
2655.00000;683.00000;43.47800;01.05.1997
2656.00000;683.00000;74.07400;01.05.1997
2657.00000;683.00000;65.03500;01.05.1997
2659.00000;683.00000;67.16400;01.05.1997
2662.00000;683.00000;48.91300;01.05.1997
2664.00000;683.00000;67.66900;01.05.1997
2667.00000;683.00000;84.11200;01.05.1997
2669.00000;683.00000;56.96200;01.05.1997
2684.00000;683.00000;76.27100;01.05.1997
2685.00000;683.00000;59.21100;01.05.1997
2686.00000;683.00000;74.38000;01.05.1997
2687.00000;683.00000;65.12000;19.03.2001
2688.00000;683.00000;75.00000;01.05.1997
2689.00000;683.00000;65.21700;01.05.1997
2691.00000;683.00000;74.38000;01.05.1997
2692.00000;683.00000;58.06500;01.05.1997
2693.00000;683.00000;70.86600;01.05.1997
2694.00000;683.00000;65.12000;19.03.2001
2695.00000;683.00000;72.00000;01.05.1997
2696.00000;683.00000;61.08000;01.03.2001
2697.00000;683.00000;70.31300;01.05.1997
2698.00000;683.00000;55.90100;01.05.1997
2699.00000;683.00000;67.16400;01.05.1997
2700.00000;683.00000;60.26000;19.03.2001
2701.00000;683.00000;67.66900;01.05.1997
2702.00000;683.00000;55.73000;19.03.2001
2704.00000;683.00000;69.23100;01.05.1997
2712.00000;683.00000;69.22400;01.05.1997
2713.00000;683.00000;58.20100;01.05.1997
2757.00000;683.00000;48.38700;01.05.1997
2759.00000;683.00000;32.49100;01.05.1997
2790.00000;681.00000;70.31300;01.05.1997
2825.00000;683.00000;58.82400;01.05.1997
2827.00000;683.00000;51.42900;01.05.1997
2828.00000;683.00000;70.54700;19.09.2002
2841.00000;1588.00000;16.70000;17.08.2004
2862.00000;1591.00000;;25.10.2004
2866.00000;1591.00000;27.80000;17.08.2004
2869.00000;1591.00000;25.40000;17.08.2004
2874.00000;1591.00000;1.80000;17.08.2004
2876.00000;1591.00000;1.80000;17.08.2004
2878.00000;1591.00000;1.80000;17.08.2004
2880.00000;1591.00000;13.00000;24.06.2008
2881.00000;1591.00000;13.00000;24.06.2008
2882.00000;1591.00000;13.00000;24.06.2008
2883.00000;1591.00000;2.59000;18.08.2004
2888.00000;921.00000;37.25300;12.08.2004
2888.00000;985.00000;74.40000;18.08.2004
2890.00000;985.00000;19.02000;26.06.2008
2892.00000;921.00000;38.55600;12.08.2004
2892.00000;985.00000;76.90000;18.08.2004
2894.00000;985.00000;76.90000;18.08.2004
2898.00000;985.00000;22.19000;18.08.2004
2902.00000;985.00000;22.19000;18.08.2004
2907.00000;985.00000;33.83000;18.08.2004
2910.00000;1591.00000;0.52000;18.08.2004
2912.00000;1591.00000;1.04000;18.08.2004
2914.00000;1591.00000;16.83000;18.08.2004
2921.00000;921.00000;37.25300;12.08.2004
2921.00000;985.00000;73.60000;18.08.2004
2939.00000;921.00000;38.48600;12.08.2004
2939.00000;985.00000;76.90000;18.08.2004
2953.00000;1591.00000;13.50000;18.08.2004
2957.00000;985.00000;26.37000;18.08.2004
2962.00000;985.00000;1.56000;18.08.2004
2964.00000;985.00000;30.74000;18.08.2004
2971.00000;985.00000;;25.10.2004
2973.00000;921.00000;37.34100;12.08.2004
2973.00000;985.00000;74.61000;18.08.2004
2975.00000;921.00000;38.31000;12.08.2004
2975.00000;985.00000;76.60000;18.08.2004
2979.00000;985.00000;;22.10.2004
2980.00000;985.00000;26.37000;18.08.2004
2982.00000;985.00000;28.75000;18.08.2004
2992.00000;684.00000;77.98500;01.05.1997
2994.00000;684.00000;54.71700;06.08.2002
3001.00000;684.00000;90.80500;06.08.2002
3005.00000;684.00000;77.94100;01.05.1997
3007.00000;684.00000;77.91400;01.05.1997
3010.00000;684.00000;77.99200;01.05.1997
3012.00000;684.00000;77.94100;01.05.1997
3015.00000;684.00000;77.17000;01.05.1997
3022.00000;684.00000;78.57100;01.05.1997
3027.00000;684.00000;78.07500;01.05.1997
3030.00000;684.00000;78.15100;01.05.1997
3032.00000;684.00000;78.12500;01.05.1997
3035.00000;684.00000;76.66700;01.05.1997
3037.00000;684.00000;78.28300;01.05.1997
3040.00000;684.00000;77.92200;01.05.1997
3042.00000;684.00000;78.57100;01.05.1997
3044.00000;684.00000;78.01000;01.05.1997
3053.00000;684.00000;78.28300;01.05.1997
3057.00000;684.00000;78.29500;01.05.1997
3063.00000;684.00000;78.15100;01.05.1997
3067.00000;684.00000;77.98200;01.05.1997
3076.00000;683.00000;77.94100;01.05.1997
3078.00000;684.00000;77.72000;01.05.1997
3090.00000;684.00000;78.26100;01.05.1997
3094.00000;671.00000;134.00000;12.01.2004
3103.00000;642.00000;2.96300;01.05.1997
3120.00000;683.00000;47.72700;01.05.1997
3134.00000;684.00000;78.48100;01.05.1997
3135.00000;684.00000;77.98700;01.05.1997
3136.00000;684.00000;78.00000;01.05.1997
3137.00000;684.00000;77.58600;01.05.1997
3138.00000;684.00000;78.12500;01.05.1997
3139.00000;684.00000;92.59400;01.05.1997
3140.00000;684.00000;77.86900;01.05.1997
3141.00000;684.00000;77.94100;01.05.1997
3142.00000;684.00000;77.77800;01.05.1997
3143.00000;684.00000;77.94100;01.05.1997
3144.00000;684.00000;78.26100;01.05.1997
3145.00000;684.00000;78.23800;01.05.1997
3146.00000;684.00000;78.23800;01.05.1997
3147.00000;684.00000;77.77800;01.05.1997
3148.00000;684.00000;78.22200;01.05.1997
3151.00000;684.00000;77.98700;01.05.1997
3152.00000;684.00000;78.23800;01.05.1997
3153.00000;684.00000;77.84100;01.05.1997
3155.00000;684.00000;78.23800;01.05.1997
3156.00000;684.00000;77.77800;01.05.1997
3157.00000;684.00000;77.77800;01.05.1997
3158.00000;684.00000;77.77800;01.05.1997
3159.00000;684.00000;77.98700;01.05.1997
3160.00000;684.00000;78.12500;01.05.1997
3161.00000;684.00000;78.15100;01.05.1997
3162.00000;684.00000;78.26100;01.05.1997
3163.00000;684.00000;78.12500;01.05.1997
3164.00000;684.00000;77.98700;01.05.1997
3165.00000;684.00000;77.08300;01.05.1997
3166.00000;684.00000;113.13000;06.08.2002
3168.00000;684.00000;77.94100;01.05.1997
3169.00000;684.00000;77.77800;01.05.1997
3170.00000;684.00000;77.77800;01.05.1997
3171.00000;684.00000;78.07500;06.08.2002
3172.00000;670.00000;130.65800;01.05.1997
3174.00000;672.00000;161.70900;01.05.1997
3179.00000;684.00000;89.93700;01.05.1997
3181.00000;684.00000;89.93700;01.05.1997
3183.00000;684.00000;89.89900;01.05.1997
3185.00000;684.00000;89.93700;01.05.1997
3187.00000;684.00000;78.26300;01.05.1997
3193.00000;684.00000;89.89900;01.05.1997
3195.00000;684.00000;77.92200;01.05.1997
3199.00000;684.00000;77.72000;01.05.1997
3206.00000;684.00000;89.93700;01.05.1997
3215.00000;684.00000;78.48100;01.05.1997
3220.00000;684.00000;78.28300;01.05.1997
3227.00000;684.00000;78.97300;01.05.1997
3228.00000;684.00000;78.87000;01.05.1997
3243.00000;921.00000;41.90000;12.08.2004
3243.00000;1591.00000;40.00000;04.12.2007
3252.00000;921.00000;33.70000;12.08.2004
3252.00000;1591.00000;40.00000;04.12.2007
3255.00000;921.00000;32.25000;12.08.2004
3255.00000;1591.00000;40.00000;04.12.2007
3257.00000;921.00000;32.25000;12.08.2004
3257.00000;1591.00000;40.00000;04.12.2007
3259.00000;921.00000;32.25000;12.08.2004
3259.00000;1591.00000;40.00000;04.12.2007
3267.00000;921.00000;33.16000;12.08.2004
3267.00000;1591.00000;40.00000;04.12.2007
3269.00000;921.00000;30.80000;12.08.2004
3269.00000;1591.00000;40.00000;04.12.2007
3272.00000;921.00000;31.15000;12.08.2004
3272.00000;1591.00000;40.00000;04.12.2007
3274.00000;921.00000;32.25000;12.08.2004
3274.00000;1591.00000;40.00000;04.12.2007
3280.00000;921.00000;20.08000;12.08.2004
3280.00000;1591.00000;40.00000;04.12.2007
3282.00000;921.00000;20.08000;12.08.2004
3282.00000;1591.00000;40.00000;04.12.2007
3286.00000;921.00000;35.34000;12.08.2004
3286.00000;1591.00000;40.00000;04.12.2007
3288.00000;921.00000;38.46000;12.08.2004
3288.00000;1591.00000;40.00000;04.12.2007
3291.00000;921.00000;32.25000;12.08.2004
3291.00000;1591.00000;40.00000;04.12.2007
3293.00000;921.00000;30.24000;12.08.2004
3293.00000;1591.00000;40.00000;04.12.2007
3295.00000;921.00000;32.25000;12.08.2004
3295.00000;1591.00000;40.00000;04.12.2007
3297.00000;921.00000;39.73000;12.08.2004
3297.00000;1591.00000;40.00000;04.12.2007
3300.00000;921.00000;37.23000;12.08.2004
3300.00000;1591.00000;40.00000;04.12.2007
3303.00000;1327.00000;53.88800;28.04.2010
3305.00000;1327.00000;53.88800;28.04.2010
3307.00000;1327.00000;53.88800;28.04.2010
3312.00000;921.00000;30.61000;12.08.2004
3312.00000;1591.00000;40.00000;04.12.2007
3334.00000;921.00000;31.15000;12.08.2004
3334.00000;1591.00000;40.00000;04.12.2007
3336.00000;921.00000;31.33000;12.08.2004
3336.00000;1591.00000;40.00000;04.12.2007
3376.00000;921.00000;31.16000;12.08.2004
3376.00000;1591.00000;40.00000;04.12.2007
3380.00000;921.00000;32.25000;12.08.2004
3380.00000;1591.00000;40.00000;04.12.2007
3381.00000;921.00000;32.25000;12.08.2004
3381.00000;1591.00000;40.00000;04.12.2007
3383.00000;921.00000;33.16000;12.08.2004
3383.00000;1591.00000;40.00000;04.12.2007
3385.00000;921.00000;32.61000;12.08.2004
3385.00000;1591.00000;40.00000;04.12.2007
3387.00000;921.00000;30.97000;12.08.2004
3387.00000;1591.00000;40.00000;04.12.2007
3389.00000;921.00000;28.88000;12.08.2004
3389.00000;1591.00000;40.00000;04.12.2007
3392.00000;921.00000;37.01000;12.02.2010
3392.00000;1591.00000;51.81000;12.02.2010
3394.00000;921.00000;34.52000;12.08.2004
3394.00000;1591.00000;40.00000;04.12.2007
3396.00000;1327.00000;53.88800;28.04.2010
3400.00000;921.00000;29.31000;12.08.2004
3400.00000;1591.00000;40.00000;04.12.2007
3423.00000;683.00000;41.22600;01.05.1997
3425.00000;683.00000;63.05100;01.05.1997
3429.00000;683.00000;28.21900;01.05.1997
3433.00000;683.00000;48.06000;01.05.1997
3445.00000;683.00000;54.16700;01.05.1997
3446.00000;683.00000;38.33300;01.05.1997
3452.00000;683.00000;32.40700;01.05.1997
3460.00000;683.00000;44.53300;01.05.1997
3479.00000;683.00000;59.96500;01.05.1997
3480.00000;683.00000;72.09000;01.05.1997
3482.00000;683.00000;48.94200;01.05.1997
3484.00000;683.00000;36.15500;01.05.1997
3486.00000;683.00000;63.05100;01.05.1997
3488.00000;683.00000;37.03700;01.05.1997
3490.00000;683.00000;30.42300;01.05.1997
3492.00000;683.00000;56.87800;01.05.1997
3494.00000;683.00000;48.06000;01.05.1997
3495.00000;683.00000;76.47100;01.05.1997
3496.00000;683.00000;50.58800;01.05.1997
3497.00000;683.00000;49.41200;01.05.1997
3498.00000;683.00000;35.29400;01.05.1997
3500.00000;683.00000;53.13100;01.05.1997
3502.00000;683.00000;33.51000;01.05.1997
3504.00000;683.00000;45.41400;01.05.1997
3506.00000;683.00000;34.61200;17.10.2003
3508.00000;683.00000;46.07600;01.05.1997
3510.00000;683.00000;42.32800;01.05.1997
3512.00000;683.00000;63.93300;01.05.1997
3514.00000;683.00000;59.96500;01.05.1997
3515.00000;683.00000;65.03500;01.05.1997
3516.00000;683.00000;67.01900;01.05.1997
3517.00000;683.00000;78.92400;01.05.1997
3519.00000;683.00000;58.86200;01.05.1997
3520.00000;683.00000;65.03500;01.05.1997
3521.00000;683.00000;54.41000;01.05.1997
3522.00000;683.00000;77.38100;01.05.1997
3523.00000;683.00000;64.10300;01.05.1997
3524.00000;683.00000;41.02600;01.05.1997
3525.00000;683.00000;50.48500;01.05.1997
3526.00000;683.00000;57.94900;21.10.2003
3527.00000;683.00000;35.38500;21.10.2003
3528.00000;683.00000;45.85500;01.05.1997
3530.00000;683.00000;39.02100;01.05.1997
3531.00000;683.00000;52.91000;01.05.1997
3533.00000;683.00000;35.93500;01.05.1997
3534.00000;683.00000;47.39900;01.05.1997
3536.00000;683.00000;42.10800;01.05.1997
3537.00000;683.00000;58.40000;28.06.2001
3539.00000;683.00000;40.12300;01.05.1997
3540.00000;683.00000;55.18000;28.06.2001
3541.00000;683.00000;78.96100;01.05.1997
3542.00000;683.00000;44.93500;01.05.1997
3543.00000;683.00000;62.39000;01.05.1997
3544.00000;683.00000;75.06500;01.05.1997
3545.00000;683.00000;41.55800;01.05.1997
3546.00000;683.00000;59.96500;01.05.1997
3548.00000;683.00000;41.00500;01.05.1997
3549.00000;683.00000;53.79200;01.05.1997
3551.00000;683.00000;38.36000;01.05.1997
3552.00000;683.00000;52.02800;01.05.1997
3554.00000;683.00000;45.19400;01.05.1997
3555.00000;683.00000;59.30300;01.05.1997
3557.00000;683.00000;40.34400;01.05.1997
3558.00000;683.00000;55.33500;01.05.1997
3560.00000;683.00000;57.98100;01.05.1997
3562.00000;683.00000;65.91700;01.05.1997
3564.00000;682.00000;74.95600;01.05.1997
3566.00000;682.00000;61.06700;01.05.1997
3568.00000;682.00000;69.00400;01.05.1997
3570.00000;682.00000;74.95600;01.05.1997
3572.00000;682.00000;74.95600;01.05.1997
3574.00000;682.00000;74.95600;01.05.1997
3576.00000;682.00000;74.95600;01.05.1997
3578.00000;682.00000;74.95600;01.05.1997
3580.00000;682.00000;74.95600;01.05.1997
3582.00000;682.00000;74.95600;01.05.1997
3584.00000;682.00000;74.95600;01.05.1997
3586.00000;682.00000;74.95600;01.05.1997
3588.00000;682.00000;74.95600;01.05.1997
3590.00000;682.00000;69.00400;01.05.1997
3591.00000;682.00000;87.96300;20.10.2003
3593.00000;682.00000;69.00400;01.05.1997
3594.00000;682.00000;65.91700;01.05.1997
3596.00000;682.00000;65.91700;01.05.1997
3597.00000;682.00000;87.96300;01.05.1997
3599.00000;682.00000;69.00400;01.05.1997
3601.00000;683.00000;76.49900;01.05.1997
3602.00000;683.00000;52.91000;01.05.1997
3604.00000;683.00000;74.73500;01.05.1997
3605.00000;683.00000;72.75100;01.05.1997
3607.00000;683.00000;42.10800;01.05.1997
3609.00000;683.00000;43.65100;01.05.1997
3611.00000;683.00000;56.21700;01.05.1997
3613.00000;683.00000;40.56400;01.05.1997
3615.00000;683.00000;74.07400;01.05.1997
3616.00000;683.00000;70.98800;01.05.1997
3618.00000;683.00000;68.96600;20.10.2003
3619.00000;683.00000;67.67700;20.10.2003
3621.00000;683.00000;83.99500;01.05.1997
3623.00000;683.00000;66.13800;01.05.1997
3626.00000;683.00000;50.92600;01.05.1997
3628.00000;683.00000;52.91000;01.05.1997
3630.00000;683.00000;65.03500;01.05.1997
3632.00000;683.00000;76.05800;01.05.1997
3636.00000;683.00000;56.21700;01.05.1997
3638.00000;683.00000;56.21700;01.05.1997
3640.00000;683.00000;69.00400;01.05.1997
3650.00000;683.00000;58.86200;01.05.1997
3651.00000;683.00000;58.04000;28.06.2001
3653.00000;683.00000;41.02600;01.05.1997
3655.00000;683.00000;35.84600;01.05.1997
3657.00000;683.00000;53.56000;28.06.2001
3659.00000;683.00000;43.34000;28.06.2001
3661.00000;683.00000;62.37000;11.06.2001
3663.00000;683.00000;59.59000;28.06.2001
3665.00000;683.00000;44.93500;01.05.1997
3667.00000;683.00000;41.55800;01.05.1997
3679.00000;1365.00000;28.00000;12.08.2004
3679.00000;1502.00000;30.80000;12.08.2004
3681.00000;1371.00000;24.00000;12.08.2004
3681.00000;1372.00000;48.00000;18.05.2005
3683.00000;1371.00000;30.00000;12.08.2004
3683.00000;1372.00000;60.00000;12.08.2004
3683.00000;1502.00000;55.00000;12.08.2004
3686.00000;1365.00000;44.00000;12.08.2004
3686.00000;1502.00000;59.00000;12.08.2004
3691.00000;1502.00000;22.73000;12.08.2004
3691.00000;1506.00000;12.45000;12.08.2004
3742.00000;921.00000;51.50000;12.08.2004
3742.00000;1504.00000;48.74000;12.08.2004
3745.00000;1502.00000;38.00000;12.08.2004
3745.00000;1513.00000;38.33000;12.01.2006
3750.00000;1512.00000;48.57000;12.08.2004
3750.00000;1513.00000;42.50000;12.08.2004
3755.00000;1512.00000;44.16000;12.08.2004
3755.00000;1513.00000;42.50000;12.08.2004
3757.00000;1512.00000;52.92000;12.08.2004
3757.00000;1513.00000;43.00000;12.08.2004
3764.00000;1502.00000;26.50000;12.08.2004
3764.00000;1516.00000;27.00000;12.08.2004
3769.00000;1512.00000;42.50000;12.08.2004
3769.00000;1513.00000;42.50000;12.08.2004
3771.00000;1512.00000;53.73000;12.08.2004
3771.00000;1514.00000;45.00000;12.08.2004
3774.00000;1512.00000;46.58000;12.08.2004
3774.00000;1513.00000;42.50000;12.08.2004
3788.00000;1512.00000;49.28000;12.08.2004
3788.00000;1513.00000;42.50000;12.08.2004
3790.00000;1512.00000;54.84000;12.08.2004
3790.00000;1513.00000;42.50000;12.08.2004
3795.00000;1512.00000;56.99000;12.08.2004
3795.00000;1513.00000;52.00000;12.08.2004
3797.00000;1512.00000;54.60000;12.08.2004
3797.00000;1513.00000;43.00000;12.08.2004
3805.00000;1519.00000;27.00000;12.08.2004
3805.00000;1520.00000;30.86000;12.08.2004
3814.00000;1523.00000;24.70000;12.08.2004
3814.00000;1524.00000;17.64000;12.08.2004
3816.00000;1523.00000;32.00000;12.08.2004
3816.00000;1524.00000;53.33000;12.08.2004
3833.00000;1523.00000;27.40000;12.08.2004
3833.00000;1524.00000;19.57000;12.08.2004
3835.00000;1523.00000;32.00000;12.08.2004
3835.00000;1524.00000;40.00000;12.08.2004
3840.00000;1523.00000;32.00000;12.08.2004
3840.00000;1524.00000;40.00000;12.08.2004
3850.00000;1523.00000;32.00000;12.08.2004
3850.00000;1524.00000;40.00000;12.08.2004
3917.00000;1548.00000;15.00000;12.08.2004
3917.00000;1549.00000;55.00000;12.08.2004
3926.00000;1548.00000;19.00000;12.08.2004
3926.00000;1549.00000;36.67000;12.08.2004
3931.00000;1365.00000;19.00000;12.08.2004
3931.00000;1551.00000;18.51000;12.08.2004
3933.00000;1365.00000;19.00000;12.08.2004
3933.00000;1551.00000;18.51000;12.08.2004
3937.00000;1365.00000;20.00000;12.08.2004
3937.00000;1551.00000;25.00000;12.08.2004
3939.00000;1365.00000;17.00000;12.08.2004
3939.00000;1551.00000;16.56000;12.08.2004
3968.00000;1553.00000;15.00000;12.08.2004
3975.00000;1554.00000;13.00000;12.08.2004
4070.00000;921.00000;51.50000;12.08.2004
4070.00000;1504.00000;48.74000;12.08.2004
4187.00000;654.00000;147.00000;25.11.2003
4189.00000;654.00000;147.00000;25.11.2003
4227.00000;921.00000;22.25000;21.05.2007
4228.00000;650.00000;133.00000;01.05.1997
4229.00000;921.00000;22.25000;21.05.2007
4230.00000;649.00000;135.00000;01.05.1997
4232.00000;921.00000;2.64000;21.05.2007
4233.00000;646.00000;117.00000;25.11.2003
4233.00000;921.00000;;26.08.2004
4234.00000;921.00000;;26.08.2004
4238.00000;921.00000;26.42000;21.05.2007
4241.00000;921.00000;22.25000;21.05.2007
4242.00000;921.00000;26.20000;21.05.2007
4243.00000;653.00000;142.00000;25.11.2003
4244.00000;653.00000;142.00000;25.11.2003
4245.00000;654.00000;147.00000;01.05.1997
4248.00000;921.00000;;26.08.2004
4249.00000;656.00000;144.00000;01.05.1997
4251.00000;921.00000;;26.08.2004
4252.00000;652.00000;141.00000;25.11.2003
4255.00000;921.00000;;26.08.2004
4257.00000;654.00000;147.00000;25.11.2003
4258.00000;651.00000;133.00000;25.11.2003
4259.00000;921.00000;23.24000;21.05.2007
4260.00000;651.00000;140.00000;25.11.2003
4261.00000;656.00000;144.00000;25.11.2003
4262.00000;652.00000;141.00000;25.11.2003
4264.00000;654.00000;142.00000;25.11.2003
4265.00000;651.00000;140.00000;25.11.2003
4266.00000;659.00000;544.00000;25.11.2003
4267.00000;644.00000;133.00000;25.11.2003
4272.00000;651.00000;140.00000;25.11.2003
4273.00000;921.00000;14.98000;21.05.2007
4274.00000;659.00000;544.00000;02.02.2004
4275.00000;921.00000;11.41000;21.05.2007
4276.00000;644.00000;133.00000;25.11.2003
4279.00000;650.00000;133.00000;25.11.2003
4280.00000;650.00000;133.00000;25.11.2003
4305.00000;921.00000;26.42000;21.05.2007
4306.00000;654.00000;147.00000;25.11.2003
4307.00000;921.00000;23.25000;21.05.2007
4308.00000;651.00000;140.00000;25.11.2003
4309.00000;921.00000;26.42000;21.05.2007
4310.00000;654.00000;147.00000;25.11.2003
4311.00000;921.00000;0.26400;25.04.2001
4312.00000;651.00000;140.00000;25.11.2003
4313.00000;921.00000;26.42000;21.05.2007
4314.00000;654.00000;147.00000;25.11.2003
4315.00000;921.00000;;26.08.2004
4411.00000;680.00000;0.84531;11.03.2004
4411.00000;921.00000;23.77000;12.08.2004
4412.00000;921.00000;36.04000;12.08.2004
4413.00000;680.00000;201.20000;01.05.1997
4414.00000;921.00000;23.70000;12.08.2004
4420.00000;921.00000;34.46000;12.08.2004
4422.00000;921.00000;30.77000;12.08.2004
4424.00000;921.00000;25.55000;12.08.2004
4426.00000;921.00000;32.09000;12.08.2004
4449.00000;921.00000;32.50000;12.08.2004
4452.00000;921.00000;30.00000;12.08.2004
4456.00000;921.00000;26.90000;12.08.2004
4460.00000;921.00000;22.94000;12.08.2004
4462.00000;921.00000;42.62000;12.08.2004
4467.00000;921.00000;25.34000;12.08.2004
4471.00000;921.00000;35.29000;12.08.2004
4472.00000;921.00000;25.70000;12.08.2004
4474.00000;921.00000;35.29000;12.08.2004
4476.00000;921.00000;35.29000;12.08.2004
4481.00000;921.00000;24.96000;12.08.2004
4486.00000;680.00000;295.00000;01.05.1997
4489.00000;680.00000;290.36300;01.05.1997
4490.00000;680.00000;223.16000;22.08.2003
4491.00000;921.00000;46.04000;12.08.2004
4492.00000;680.00000;213.44000;01.05.1997
4493.00000;921.00000;20.00000;12.08.2004
4496.00000;921.00000;30.77000;12.08.2004
4502.00000;921.00000;39.78000;12.08.2004
4504.00000;921.00000;39.78000;12.08.2004
4506.00000;1342.00000;26.90000;12.08.2004
4508.00000;921.00000;26.90000;21.01.2009
4510.00000;921.00000;31.86000;12.08.2004
4512.00000;921.00000;20.00000;25.06.2009
4513.00000;921.00000;39.01000;12.08.2004
4515.00000;921.00000;26.21000;12.08.2004
4516.00000;921.00000;26.21000;12.08.2004
4518.00000;921.00000;26.21000;12.08.2004
4521.00000;921.00000;39.01000;12.08.2004
4522.00000;921.00000;26.21000;12.08.2004
4524.00000;1342.00000;26.90000;12.08.2004
4526.00000;921.00000;26.21000;12.08.2004
4733.00000;1390.00000;12.00000;12.08.2004
4746.00000;683.00000;72.50000;15.08.2001
4758.00000;683.00000;72.08000;15.08.2001
4776.00000;1591.00000;28.00000;18.08.2004
4777.00000;1591.00000;25.40000;18.08.2004
4778.00000;1591.00000;25.44000;18.08.2004
4782.00000;683.00000;55.11000;13.12.2000
4784.00000;683.00000;32.63000;13.12.2000
4786.00000;683.00000;57.32000;13.12.2000
4791.00000;683.00000;77.45000;13.12.2000
4792.00000;683.00000;51.96000;13.12.2000
4795.00000;683.00000;48.94200;20.10.2003
4800.00000;683.00000;57.98100;20.10.2003
4810.00000;683.00000;53.35100;20.10.2003
4812.00000;683.00000;37.03700;20.10.2003
4814.00000;683.00000;55.77600;20.10.2003
4815.00000;683.00000;74.11800;20.10.2003
4816.00000;683.00000;49.41200;20.10.2003
4818.00000;683.00000;51.36700;20.10.2003
4820.00000;683.00000;51.36700;20.10.2003
4823.00000;1512.00000;54.60000;12.08.2004
4823.00000;1513.00000;43.00000;12.08.2004
4839.00000;686.00000;61.73000;20.12.2000
4839.00000;1642.00000;43.32800;01.11.2006
4840.00000;686.00000;48.50000;20.12.2000
4840.00000;1643.00000;35.27300;01.11.2006
4841.00000;686.00000;38.58025;16.12.2003
4841.00000;1643.00000;35.27300;01.11.2006
4869.00000;921.00000;37.01000;12.02.2010
4869.00000;1591.00000;51.81000;12.02.2010
4875.00000;686.00000;47.40000;20.12.2000
4875.00000;1642.00000;42.32800;01.11.2006
4888.00000;921.00000;;27.08.2004
4892.00000;985.00000;16.00000;12.08.2004
4893.00000;985.00000;21.00000;12.08.2004
4894.00000;985.00000;15.64000;12.08.2004
4895.00000;985.00000;21.00000;12.08.2004
4896.00000;985.00000;17.00000;12.08.2004
4897.00000;985.00000;14.00000;12.08.2004
4898.00000;985.00000;15.64000;12.08.2004
4899.00000;985.00000;26.00000;12.08.2004
4900.00000;985.00000;21.00000;12.08.2004
4901.00000;985.00000;15.00000;12.08.2004
4902.00000;985.00000;13.00000;12.08.2004
4903.00000;985.00000;42.00000;12.08.2004
4904.00000;985.00000;38.69000;12.08.2004
4905.00000;921.00000;10.50000;12.08.2004
4958.00000;985.00000;;30.08.2004
4959.00000;985.00000;;30.08.2004
4982.00000;1591.00000;7.00000;18.08.2004
4983.00000;1591.00000;7.00000;18.08.2004
4988.00000;682.00000;77.60000;13.04.2006
4989.00000;682.00000;77.60000;13.04.2006
4991.00000;1548.00000;15.00000;12.08.2004
4991.00000;1549.00000;33.00000;12.08.2004
4992.00000;985.00000;;30.08.2004
4993.00000;682.00000;77.60000;13.04.2006
4995.00000;683.00000;65.11000;28.02.2001
4997.00000;683.00000;67.23000;07.03.2001
4998.00000;683.00000;68.20000;07.03.2001
5009.00000;683.00000;66.54000;19.03.2001
5010.00000;683.00000;58.71000;19.03.2001
5011.00000;683.00000;62.30000;20.03.2001
5080.00000;1582.00000;37.00000;06.05.2010
5081.00000;1582.00000;46.00000;22.05.2009
5082.00000;1582.00000;38.00000;22.05.2009
5084.00000;1582.00000;38.00000;22.05.2009
5088.00000;1582.00000;38.00000;22.05.2009
5140.00000;1582.00000;40.00000;28.09.2007
5143.00000;1582.00000;40.00000;28.09.2007
5173.00000;686.00000;143.54000;16.03.2010
5175.00000;686.00000;36.28000;16.03.2010
5176.00000;686.00000;59.56000;16.03.2010
5178.00000;686.00000;95.85000;16.03.2010
5179.00000;686.00000;26.69000;16.03.2010
5180.00000;686.00000;112.73000;15.03.2010
5180.00000;922.00000;51.79000;15.03.2010
5180.00000;1644.00000;78.54000;15.03.2010
5181.00000;686.00000;24.05000;16.03.2010
5181.00000;922.00000;36.12000;16.03.2010
5181.00000;1644.00000;66.28000;16.03.2010
5182.00000;686.00000;42.27000;16.03.2010
5182.00000;922.00000;48.12000;16.03.2010
5182.00000;1644.00000;70.97000;16.03.2010
5184.00000;686.00000;66.32000;16.03.2010
5184.00000;922.00000;43.76000;16.03.2010
5184.00000;1644.00000;69.27000;16.03.2010
5185.00000;686.00000;19.46000;16.03.2010
5185.00000;922.00000;29.49000;16.03.2010
5185.00000;1644.00000;72.90000;16.03.2010
5186.00000;686.00000;25.91000;16.03.2010
5186.00000;922.00000;41.41000;16.03.2010
5187.00000;686.00000;39.43000;16.03.2010
5188.00000;686.00000;64.55000;16.03.2010
5189.00000;686.00000;46.40000;16.03.2010
5189.00000;922.00000;55.20000;16.03.2010
5204.00000;683.00000;41.40000;12.06.2001
5205.00000;683.00000;76.51000;28.06.2001
5207.00000;683.00000;44.11000;28.06.2001
5209.00000;686.00000;335.00000;20.06.2001
5211.00000;683.00000;57.99000;28.06.2001
5216.00000;683.00000;38.13000;28.06.2001
5222.00000;683.00000;34.81000;28.06.2001
5231.00000;1582.00000;35.00000;28.09.2007
5233.00000;1582.00000;35.00000;28.09.2007
5235.00000;1582.00000;35.00000;28.09.2007
5290.00000;1591.00000;;25.10.2004
5291.00000;1591.00000;;25.10.2004
5335.00000;686.00000;313.14000;12.05.2004
5339.00000;985.00000;;26.10.2004
5347.00000;985.00000;;26.10.2004
5349.00000;985.00000;132.60800;26.10.2004
5350.00000;985.00000;132.61000;26.10.2004
5351.00000;1390.00000;;26.10.2004
5352.00000;1390.00000;;26.10.2004
5353.00000;1390.00000;;26.10.2004
5362.00000;985.00000;;26.10.2004
5373.00000;985.00000;;26.10.2004
5423.00000;1591.00000;;25.10.2004
5426.00000;1591.00000;;25.10.2004
5450.00000;1591.00000;;15.10.2004
5451.00000;1591.00000;;15.10.2004
5457.00000;985.00000;;25.10.2004
5530.00000;985.00000;;22.10.2004
5535.00000;921.00000;;20.10.2004
5553.00000;985.00000;;22.10.2004
5558.00000;985.00000;;22.10.2004
5567.00000;1642.00000;63.49200;01.11.2006
5568.00000;1642.00000;56.43700;01.11.2006
5570.00000;1642.00000;42.32800;01.11.2006
5581.00000;1591.00000;;22.10.2004
5590.00000;985.00000;;22.10.2004
5602.00000;1591.00000;;22.10.2004
5625.00000;921.00000;;15.10.2004
5628.00000;985.00000;;25.10.2004
5629.00000;921.00000;;15.10.2004
5630.00000;921.00000;;15.10.2004
5631.00000;921.00000;;15.10.2004
5632.00000;985.00000;;25.10.2004
5710.00000;1591.00000;;25.10.2004
5714.00000;985.00000;2.64200;12.08.2004
5715.00000;682.00000;74.95000;13.04.2006
5716.00000;681.00000;74.95000;13.04.2006
5717.00000;682.00000;77.60000;13.04.2006
5717.00000;683.00000;0.62640;09.06.2004
5718.00000;682.00000;77.60000;13.04.2006
5718.00000;683.00000;0.62060;09.06.2004
5719.00000;682.00000;77.60000;13.04.2006
5720.00000;682.00000;77.60000;13.04.2006
5720.00000;683.00000;0.76890;09.06.2004
5721.00000;682.00000;77.60000;13.04.2006
5724.00000;683.00000;71.25800;13.04.2006
5725.00000;683.00000;76.97500;13.04.2006
5726.00000;683.00000;75.50400;13.04.2006
5727.00000;683.00000;74.49000;13.04.2006
5732.00000;683.00000;74.31900;13.04.2006
5733.00000;683.00000;75.61000;13.04.2006
5855.00000;921.00000;;23.06.2005
5856.00000;921.00000;;23.06.2005
5947.00000;682.00000;56.28000;22.06.2006
5948.00000;682.00000;56.28000;22.06.2006
5949.00000;682.00000;56.28000;22.06.2006
5953.00000;681.00000;61.77000;22.06.2006
5954.00000;681.00000;61.77000;22.06.2006
5955.00000;681.00000;61.77000;22.06.2006
5961.00000;985.00000;;22.03.2006
5982.00000;682.00000;55.31000;22.06.2006
5983.00000;682.00000;55.31000;22.06.2006
5984.00000;681.00000;55.31000;22.06.2006
5988.00000;682.00000;55.56000;22.06.2006
5989.00000;682.00000;55.56000;22.06.2006
5990.00000;682.00000;55.56000;22.06.2006
5994.00000;682.00000;65.21000;22.06.2006
5995.00000;682.00000;65.21000;22.06.2006
5996.00000;682.00000;65.21000;22.06.2006
6000.00000;682.00000;56.57000;22.06.2006
6001.00000;682.00000;56.57000;22.06.2006
6002.00000;682.00000;56.57000;22.06.2006
6023.00000;682.00000;59.96000;22.06.2006
6024.00000;682.00000;59.96000;22.06.2006
6025.00000;682.00000;59.96000;22.06.2006
6029.00000;682.00000;67.72000;22.06.2006
6030.00000;682.00000;67.72000;22.06.2006
6031.00000;682.00000;67.72000;22.06.2006
6035.00000;682.00000;54.50000;22.06.2006
6036.00000;682.00000;54.50000;22.06.2006
6037.00000;682.00000;54.50000;22.06.2006
6042.00000;682.00000;66.84000;22.06.2006
6043.00000;682.00000;66.84000;22.06.2006
6044.00000;682.00000;66.84000;22.06.2006
6048.00000;682.00000;56.03000;22.06.2006
6049.00000;682.00000;65.03000;22.06.2006
6050.00000;682.00000;56.03000;22.06.2006
6063.00000;682.00000;69.24000;22.06.2006
6064.00000;682.00000;69.24000;22.06.2006
6065.00000;682.00000;69.24000;22.06.2006
6069.00000;682.00000;71.39000;22.06.2006
6070.00000;682.00000;71.39000;22.06.2006
6071.00000;682.00000;71.39000;22.06.2006
6080.00000;681.00000;70.38000;22.06.2006
6081.00000;681.00000;70.38000;22.06.2006
6082.00000;681.00000;70.38000;22.06.2006
6086.00000;681.00000;66.33000;22.06.2006
6087.00000;681.00000;66.33000;22.06.2006
6088.00000;681.00000;66.33000;22.06.2006
6092.00000;682.00000;63.78000;22.06.2006
6093.00000;682.00000;63.78000;22.06.2006
6094.00000;682.00000;63.78000;22.06.2006
6098.00000;682.00000;52.68000;22.06.2006
6099.00000;682.00000;52.68000;22.06.2006
6100.00000;682.00000;52.68000;22.06.2006
6104.00000;682.00000;68.13000;22.06.2006
6105.00000;682.00000;68.13000;22.06.2006
6106.00000;682.00000;68.13000;22.06.2006
6110.00000;682.00000;68.57000;22.06.2006
6111.00000;682.00000;68.57000;22.06.2006
6112.00000;682.00000;68.57000;22.06.2006
6116.00000;682.00000;71.02000;22.06.2006
6117.00000;682.00000;71.02000;22.06.2006
6118.00000;682.00000;71.02000;22.06.2006
6120.00000;683.00000;72.46000;21.06.2006
6122.00000;683.00000;69.66000;21.06.2006
6126.00000;682.00000;68.17000;23.06.2006
6127.00000;682.00000;68.17000;23.06.2006
6128.00000;682.00000;68.17000;23.06.2006
6132.00000;682.00000;64.12000;23.06.2006
6133.00000;682.00000;64.12000;23.06.2006
6134.00000;682.00000;64.12000;23.06.2006
6138.00000;682.00000;73.84000;23.06.2006
6139.00000;682.00000;73.84000;23.06.2006
6140.00000;682.00000;73.84000;23.06.2006
6144.00000;682.00000;72.03000;23.06.2006
6145.00000;682.00000;72.03000;23.06.2006
6146.00000;682.00000;72.03000;23.06.2006
6150.00000;682.00000;68.81000;23.06.2006
6151.00000;682.00000;68.81000;23.06.2006
6152.00000;682.00000;68.81000;23.06.2006
6156.00000;682.00000;62.49000;23.06.2006
6157.00000;682.00000;62.49000;23.06.2006
6158.00000;682.00000;62.49000;23.06.2006
6160.00000;683.00000;82.46000;12.07.2006
6162.00000;683.00000;71.07000;12.07.2006
6276.00000;1582.00000;30.00000;28.09.2007
501507.00000;921.00000;;25.06.2008
501585.00000;921.00000;32.25000;26.03.2009
501585.00000;1582.00000;40.00000;26.03.2009
501624.00000;458.00000;0.77000;27.03.2009
501625.00000;458.00000;0.77000;27.03.2009
501639.00000;921.00000;;06.01.2010
501654.00000;921.00000;37.25300;30.03.2009
501654.00000;985.00000;73.60000;30.03.2009
501658.00000;1044.00000;196.00000;08.04.2009
501793.00000;1591.00000;;22.04.2009
501914.00000;1582.00000;29.00000;22.05.2009
501916.00000;1591.00000;31.00000;22.05.2009
501918.00000;1582.00000;38.00000;22.05.2009
501923.00000;1582.00000;38.00000;22.05.2009
502025.00000;681.00000;1.00000;10.11.2009
502069.00000;686.00000;109.31000;05.03.2010
502069.00000;1643.00000;70.05000;05.03.2010
502069.00000;502455.00000;49.61000;05.03.2010
502070.00000;686.00000;25.99000;22.03.2010
502070.00000;1643.00000;70.77000;22.03.2010
502070.00000;502455.00000;38.81000;22.03.2010
502071.00000;686.00000;41.30000;22.03.2010
502071.00000;1643.00000;71.12000;22.03.2010
502071.00000;502455.00000;46.18000;22.03.2010
502072.00000;686.00000;67.30000;22.03.2010
502072.00000;1643.00000;70.98000;22.03.2010
502072.00000;502455.00000;43.33000;22.03.2010
502073.00000;686.00000;18.65000;22.03.2010
502073.00000;1643.00000;68.83000;22.03.2010
502073.00000;502455.00000;29.71000;22.03.2010
502074.00000;686.00000;156.05000;04.03.2010
502075.00000;686.00000;36.73000;04.03.2010
502076.00000;686.00000;58.08000;04.03.2010
502077.00000;686.00000;94.80000;04.03.2010
502078.00000;686.00000;27.10000;04.03.2010
502079.00000;686.00000;42.01000;22.03.2010
502080.00000;686.00000;64.66000;22.03.2010
502081.00000;686.00000;146.64000;22.03.2010
502082.00000;686.00000;96.27000;22.03.2010
502083.00000;686.00000;38.20000;22.03.2010
502084.00000;686.00000;58.08000;22.03.2010
502085.00000;686.00000;27.10000;23.03.2010
502085.00000;502455.00000;40.72000;23.03.2010
502086.00000;686.00000;45.62000;24.03.2010
502086.00000;502455.00000;53.35000;24.03.2010
502087.00000;686.00000;109.66000;24.03.2010
502087.00000;1644.00000;74.16000;24.03.2010
502087.00000;502455.00000;51.23000;24.03.2010
502088.00000;686.00000;66.50000;24.03.2010
502088.00000;1644.00000;68.67000;24.03.2010
502088.00000;502455.00000;42.93000;24.03.2010
502089.00000;686.00000;24.91000;24.03.2010
502089.00000;1644.00000;64.88000;24.03.2010
502089.00000;502455.00000;35.94000;24.03.2010
502090.00000;686.00000;41.59000;24.03.2010
502090.00000;1644.00000;1.00000;24.03.2010
502090.00000;502455.00000;47.10000;24.03.2010
502091.00000;686.00000;27.20000;22.03.2010
502092.00000;686.00000;19.43000;24.03.2010
502092.00000;1644.00000;70.70000;24.03.2010
502092.00000;502455.00000;28.67000;24.03.2010
502093.00000;686.00000;28.12000;17.03.2010
502093.00000;502455.00000;44.49000;19.03.2010
502094.00000;686.00000;45.46000;19.03.2010
502094.00000;502455.00000;53.56000;19.03.2010
502098.00000;686.00000;40.76000;05.03.2010
502099.00000;686.00000;67.17000;05.03.2010
502100.00000;686.00000;47.13000;05.03.2010
502101.00000;686.00000;28.08000;16.03.2010
502101.00000;502455.00000;37.50000;16.03.2010
502102.00000;686.00000;42.73000;05.03.2010
502103.00000;686.00000;25.45000;16.03.2010
502103.00000;1644.00000;33.98000;16.03.2010
502103.00000;502455.00000;33.98000;16.03.2010
502104.00000;686.00000;64.21000;05.03.2010
502105.00000;686.00000;46.38000;16.03.2010
502105.00000;502455.00000;52.90000;16.03.2010
502106.00000;686.00000;58.35000;05.03.2010
502107.00000;686.00000;42.45000;16.03.2010
502107.00000;1644.00000;72.81000;16.03.2010
502107.00000;502455.00000;48.42000;16.03.2010
502108.00000;686.00000;12.90000;24.03.2010
502108.00000;1644.00000;85.32000;24.03.2010
502108.00000;502455.00000;21.41000;24.03.2010
502109.00000;686.00000;15.00000;22.03.2010
